{"num_timesteps": 48, "num_vehicles": 1, "time": [1800, 3600, 5400, 7200, 9000, 10800, 12600, 14400, 16200, 18000, 19800, 21600, 23400, 25200, 27000, 28800, 30600, 32400, 34200, 36000, 37800, 39600, 41400, 43200, 45000, 46800, 48600, 50400, 52200, 54000, 55800, 57600, 59400, 61200, 63000, 64800, 66600, 68400, 70200, 72000, 73800, 75600, 77400, 79200, 81000, 82800, 84600, 86400], "energy_demand": [[0.0, 0.0, 0.0, 0.0, 0.0, 0.0, 0.0, 0.0, 0.0, 0.0, 0.0, 85150514.81899443, 36393063.34615627, 28642644.012986243, -17662240.51752727, 5813540.880443983, 47164893.10025829, 46007968.56587134, 30684070.25015083, 67342760.67840889, 951446.298853822, 21776639.16775484, 105617094.3768892, 46561898.49817428, 88835758.7724858, 36923333.51224342, 72919435.59089111, 63649973.451412454, -22570549.573555555, 0.0, 0.0, 0.0, 0.0, 0.0, 0.0, 0.0, 0.0, 0.0, 0.0, 0.0, 0.0, 0.0, -24194722.770441435, 72818005.35305604, 12014232.132613875, 12822070.95094847, 116204370.88969934, 0.0]], "max_charging_power": 150000.0, "battery_capacity": [1080000000.0], "depot_charge": [[true, true, true, true, true, true, true, true, true, true, true, false, false, false, false, false, false, false, false, false, false, false, false, false, false, false, false, false, false, true, true, true, true, true, true, true, true, true, true, true, true, true, false, false, false, false, false, true]], "energy_price": null, "grid_tariff": null, "is_battery": [false]}
