{"num_timesteps": 48, "num_vehicles": 1, "time": [1800, 3600, 5400, 7200, 9000, 10800, 12600, 14400, 16200, 18000, 19800, 21600, 23400, 25200, 27000, 28800, 30600, 32400, 34200, 36000, 37800, 39600, 41400, 43200, 45000, 46800, 48600, 50400, 52200, 54000, 55800, 57600, 59400, 61200, 63000, 64800, 66600, 68400, 70200, 72000, 73800, 75600, 77400, 79200, 81000, 82800, 84600, 86400], "energy_demand": [[0.0, 0.0, 0.0, 0.0, 0.0, 0.0, 0.0, 119285275.47616562, 115364437.34168714, 53660121.288374364, 135286280.969861, -29556679.368517756, 60455719.04437499, -38629249.11687833, 11509396.486209631, 143889507.0910224, 99798791.01698187, 0.0, 0.0, 0.0, 139490060.51162595, 30674545.091378063, -7178526.130850017, -48075347.71644317, 99516942.72173873, 0.0, 0.0, 0.0, 0.0, 0.0, 0.0, 0.0, 0.0, 0.0, 0.0, 11678741.412384167, -6814691.921383709, 139805150.1414305, 46265410.20949808, 46804738.65249029, -10102573.273295201, 4122440.3481575847, 28964158.833057746, 6817997.141725704, 21055717.571754456, 139422370.43112475, 149788119.5906462, 0.0]], "max_charging_power": 150000.0, "battery_capacity": [1080000000.0], "depot_charge": [[true, true, true, true, true, true, true, false, false, false, false, false, false, false, false, false, false, true, true, true, false, false, false, false, false, true, true, true, true, true, true, true, true, true, true, false, false, false, false, false, false, false, false, false, false, false, false, true]], "energy_price": null, "grid_tariff": null, "is_battery": [false]}