{"num_timesteps": 48, "num_vehicles": 1, "time": [1800, 3600, 5400, 7200, 9000, 10800, 12600, 14400, 16200, 18000, 19800, 21600, 23400, 25200, 27000, 28800, 30600, 32400, 34200, 36000, 37800, 39600, 41400, 43200, 45000, 46800, 48600, 50400, 52200, 54000, 55800, 57600, 59400, 61200, 63000, 64800, 66600, 68400, 70200, 72000, 73800, 75600, 77400, 79200, 81000, 82800, 84600, 86400], "energy_demand": [[0.0, 0.0, 0.0, 0.0, 0.0, 0.0, 0.0, 0.0, 84831499.29191214, 97234338.92856014, 107650552.0099001, 20109070.58430551, 99687449.30041465, 56518258.48649889, 123784289.98613244, 0.0, 0.0, 0.0, 0.0, 0.0, 0.0, 0.0, 0.0, 0.0, 55956740.30026889, 140043637.83777317, 149819005.1722683, 20301215.26424183, 132165856.11285263, 102928150.1451323, 13569525.682892844, 84642677.21939781, 0.0, 0.0, 0.0, 0.0, 0.0, 0.0, 51727304.60704987, 148278572.16081026, 37194473.201001376, -29122199.10057603, 117664725.24931103, 130224008.88929737, 24466937.408354178, 67451991.11562681, 0.0, 0.0]], "max_charging_power": 150000.0, "battery_capacity": [1080000000.0], "depot_charge": [[true, true, true, true, true, true, true, true, false, false, false, false, false, false, false, true, true, true, true, true, true, true, true, true, false, false, false, false, false, false, false, false, true, true, true, true, true, true, false, false, false, false, false, false, false, false, true, true]], "energy_price": null, "grid_tariff": null, "is_battery": [false]}