{"num_timesteps": 48, "num_vehicles": 1, "time": [1800, 3600, 5400, 7200, 9000, 10800, 12600, 14400, 16200, 18000, 19800, 21600, 23400, 25200, 27000, 28800, 30600, 32400, 34200, 36000, 37800, 39600, 41400, 43200, 45000, 46800, 48600, 50400, 52200, 54000, 55800, 57600, 59400, 61200, 63000, 64800, 66600, 68400, 70200, 72000, 73800, 75600, 77400, 79200, 81000, 82800, 84600, 86400], "energy_demand": [[0.0, 0.0, -31129188.073861003, 7147260.702607714, 0.0, 0.0, 0.0, 0.0, 0.0, 0.0, 0.0, 0.0, 0.0, 0.0, 0.0, 0.0, 0.0, 0.0, 0.0, 0.0, 0.0, 0.0, -1420742.9667129517, 9871345.397366136, 69125987.00123931, -35199423.118229255, -11669979.289995737, -17163177.978325006, 92732630.53382123, 78102153.53538573, 69246511.21556702, -33643721.91276437, 79301974.0277204, 23393780.242518887, -29296777.32174607, 25842615.548155427, 32768018.667060867, 101155102.37929526, -43764067.56410027, 73184276.16384587, 11900623.569045022, 98002670.23608956, 30678257.68869929, 67875272.4501014, 0.0, 0.0, 0.0, 0.0]], "max_charging_power": 150000.0, "battery_capacity": [1080000000.0], "depot_charge": [[true, true, false, false, true, true, true, true, true, true, true, true, true, true, true, true, true, true, true, true, true, true, false, false, false, false, false, false, false, false, false, false, false, false, false, false, false, false, false, false, false, false, false, false, true, true, true, true]], "energy_price": null, "grid_tariff": null, "is_battery": [false]}