{"num_timesteps": 48, "num_vehicles": 1, "time": [1800, 3600, 5400, 7200, 9000, 10800, 12600, 14400, 16200, 18000, 19800, 21600, 23400, 25200, 27000, 28800, 30600, 32400, 34200, 36000, 37800, 39600, 41400, 43200, 45000, 46800, 48600, 50400, 52200, 54000, 55800, 57600, 59400, 61200, 63000, 64800, 66600, 68400, 70200, 72000, 73800, 75600, 77400, 79200, 81000, 82800, 84600, 86400], "energy_demand": [[0.0, 0.0, 0.0, 0.0, 0.0, 0.0, 0.0, 0.0, 0.0, 0.0, 15616142.436668113, 418412.0308608338, -18426294.168391477, 7467749.636210665, 91572829.41581303, 119352606.24398795, 96225703.71662325, 0.0, 0.0, 0.0, 0.0, 0.0, 0.0, 0.0, 0.0, 0.0, 105519750.25132784, 4894969.665200464, -14342004.142662734, -42520054.43299889, -2579917.0887680575, 82443149.62980679, -32786237.889484093, 127098038.75086403, 0.0, 0.0, 9791603.68244598, 895902.2711503282, 131052628.56278527, 65181939.98609322, 95982790.57923433, 99080494.69234172, 4229725.2407416105, 111750912.40424338, 118479582.11166498, -2458001.3763194606, 0.0, 0.0]], "max_charging_power": 150000.0, "battery_capacity": [1080000000.0], "depot_charge": [[true, true, true, true, true, true, true, true, true, true, false, false, false, false, false, false, false, true, true, true, true, true, true, true, true, true, false, false, false, false, false, false, false, false, true, true, false, false, false, false, false, false, false, false, false, false, true, true]], "energy_price": null, "grid_tariff": null, "is_battery": [false]}