{"num_timesteps": 48, "num_vehicles": 1, "time": [1800, 3600, 5400, 7200, 9000, 10800, 12600, 14400, 16200, 18000, 19800, 21600, 23400, 25200, 27000, 28800, 30600, 32400, 34200, 36000, 37800, 39600, 41400, 43200, 45000, 46800, 48600, 50400, 52200, 54000, 55800, 57600, 59400, 61200, 63000, 64800, 66600, 68400, 70200, 72000, 73800, 75600, 77400, 79200, 81000, 82800, 84600, 86400], "energy_demand": [[0.0, 0.0, 0.0, 125087937.91864476, 90129494.1175954, 38492052.9126177, 100357271.74419647, 5046176.796375535, 0.0, 0.0, 0.0, 0.0, 0.0, 0.0, 0.0, 0.0, 0.0, 48764793.19654678, 112712252.39602059, 104283547.34206659, 132729476.34510323, 42447764.95553979, 36100208.65845667, 116835697.23795718, 73881561.62761036, 0.0, 0.0, 0.0, 0.0, 0.0, 99218791.2111463, -42700037.86575234, 78529778.98779032, 7451166.664898157, 60474982.49896099, -10244764.118636176, 112651949.92307526, 114246888.295098, 0.0, 0.0, 0.0, 0.0, 0.0, 0.0, 0.0, 0.0, 0.0, 0.0]], "max_charging_power": 150000.0, "battery_capacity": [1080000000.0], "depot_charge": [[true, true, true, false, false, false, false, false, true, true, true, true, true, true, true, true, true, false, false, false, false, false, false, false, false, true, true, true, true, true, false, false, false, false, false, false, false, false, true, true, true, true, true, true, true, true, true, true]], "energy_price": null, "grid_tariff": null, "is_battery": [false]}