{"num_timesteps": 48, "num_vehicles": 1, "time": [1800, 3600, 5400, 7200, 9000, 10800, 12600, 14400, 16200, 18000, 19800, 21600, 23400, 25200, 27000, 28800, 30600, 32400, 34200, 36000, 37800, 39600, 41400, 43200, 45000, 46800, 48600, 50400, 52200, 54000, 55800, 57600, 59400, 61200, 63000, 64800, 66600, 68400, 70200, 72000, 73800, 75600, 77400, 79200, 81000, 82800, 84600, 86400], "energy_demand": [[0.0, 0.0, 0.0, 0.0, 0.0, 0.0, 1050553.6322131827, 80532722.11586091, -38459139.334317215, 15588617.729575224, 137758730.31927922, -44488912.22867757, -47781301.61527625, 0.0, 0.0, 0.0, 0.0, 0.0, 0.0, 0.0, 0.0, 0.0, 0.0, 0.0, 0.0, 11612811.172048599, 145073742.45115393, 0.0, 0.0, 0.0, 0.0, 0.0, 0.0, 0.0, 0.0, 0.0, 0.0, 0.0, -37149085.65404478, 35773581.010977715, 130613226.2826125, 67004561.97166173, 4308129.664939672, 126182700.47613478, 109339178.96568337, -43613520.453468956, 92209881.42106828, 0.0]], "max_charging_power": 150000.0, "battery_capacity": [1080000000.0], "depot_charge": [[true, true, true, true, true, true, false, false, false, false, false, false, false, true, true, true, true, true, true, true, true, true, true, true, true, false, false, true, true, true, true, true, true, true, true, true, true, true, false, false, false, false, false, false, false, false, false, true]], "energy_price": null, "grid_tariff": null, "is_battery": [false]}