{"num_timesteps": 48, "num_vehicles": 1, "time": [1800, 3600, 5400, 7200, 9000, 10800, 12600, 14400, 16200, 18000, 19800, 21600, 23400, 25200, 27000, 28800, 30600, 32400, 34200, 36000, 37800, 39600, 41400, 43200, 45000, 46800, 48600, 50400, 52200, 54000, 55800, 57600, 59400, 61200, 63000, 64800, 66600, 68400, 70200, 72000, 73800, 75600, 77400, 79200, 81000, 82800, 84600, 86400], "energy_demand": [[0.0, 0.0, 0.0, 0.0, 0.0, 0.0, 0.0, 0.0, 0.0, 68664088.40418807, 9935807.497272208, 118660481.87548715, 126073856.58453321, 0.0, 0.0, 78204716.72888052, 80086593.96906325, 115909594.95531145, 112431058.09067762, 109384901.82708797, 0.0, 0.0, 0.0, 0.0, 0.0, 60660049.27408682, -36753908.33481409, 147501729.90673506, 147604051.92392528, 30382128.159653783, 73005982.47877415, 0.0, 0.0, 0.0, 0.0, 0.0, 0.0, 57946563.52703847, 110393054.49776062, -26284352.051417593, 16909249.601264544, 124037349.33213782, 40375508.77934906, 76603112.82652593, 16425673.089552365, 32653590.801802635, 26409993.986043483, 0.0]], "max_charging_power": 150000.0, "battery_capacity": [1080000000.0], "depot_charge": [[true, true, true, true, true, true, true, true, true, false, false, false, false, true, true, false, false, false, false, false, true, true, true, true, true, false, false, false, false, false, false, true, true, true, true, true, true, false, false, false, false, false, false, false, false, false, false, true]], "energy_price": null, "grid_tariff": null, "is_battery": [false]}